"publisher","oa_status","apc_year","sum","APCable","avgAPC"
"ACS","Gold OA",2019,2140750,2779,770.331054336092
"ACS","Gold OA",2020,2653000,3688,719.360086767896
"ACS","Gold OA",2021,6242500,4033,1547.85519464419
"ACS","Gold OA",2022,8100000,5022,1612.90322580645
"ACS","Gold OA",2023,10329050,5069,2037.68987966068
"ACS","Gold OA",2024,11679385,5440,2146.94577205882
"ACS","Gold OA",2025,12671545,6500,1949.46846153846
"ACS","Hybrid OA",2019,8850000,1772,4994.35665914221
"ACS","Hybrid OA",2020,17290000,3458,5000
"ACS","Hybrid OA",2021,21780000,4356,5000
"ACS","Hybrid OA",2022,28615000,5723,5000
"ACS","Hybrid OA",2023,43720000,8744,5000
"ACS","Hybrid OA",2024,49437000,10986,4500
"ACS","Hybrid OA",2025,58176000,12928,4500
"CAMBRIDGE_UNIVERSITY_PRESS_-_CUP","Gold OA",2019,2061851.896597,1369,1506.10072797443
"CAMBRIDGE_UNIVERSITY_PRESS_-_CUP","Gold OA",2020,3399219.681498,1971,1724.61678411872
"CAMBRIDGE_UNIVERSITY_PRESS_-_CUP","Gold OA",2021,4302132.928892,2471,1741.04934394658
"CAMBRIDGE_UNIVERSITY_PRESS_-_CUP","Gold OA",2022,5974094,2919,2046.62350119904
"CAMBRIDGE_UNIVERSITY_PRESS_-_CUP","Gold OA",2023,8326550,3692,2255.29523293608
"CAMBRIDGE_UNIVERSITY_PRESS_-_CUP","Gold OA",2024,14750330,5193,2840.42557288658
"CAMBRIDGE_UNIVERSITY_PRESS_-_CUP","Gold OA",2025,32976803,10244,3219.1334439672
"CAMBRIDGE_UNIVERSITY_PRESS_-_CUP","Hybrid OA",2019,6036913.662665,2179,2770.49732109454
"CAMBRIDGE_UNIVERSITY_PRESS_-_CUP","Hybrid OA",2020,12259908.02,4178,2934.39636668262
"CAMBRIDGE_UNIVERSITY_PRESS_-_CUP","Hybrid OA",2021,17261124,5482,3148.69098869026
"CAMBRIDGE_UNIVERSITY_PRESS_-_CUP","Hybrid OA",2022,24086462,7576,3179.31124604013
"CAMBRIDGE_UNIVERSITY_PRESS_-_CUP","Hybrid OA",2023,29155940,9056,3219.51634275618
"CAMBRIDGE_UNIVERSITY_PRESS_-_CUP","Hybrid OA",2024,28403788,8267,3435.80355630821
"CAMBRIDGE_UNIVERSITY_PRESS_-_CUP","Hybrid OA",2025,23114353,6518,3546.23396747469
"DE_GRUYTER","Gold OA",2021,4243021.8964818,3120,1359.94291553904
"DE_GRUYTER","Gold OA",2022,3999037.7430148,3783,1057.10751863992
"DE_GRUYTER","Gold OA",2023,4771564.5758264,4060,1175.26221079468
"DE_GRUYTER","Gold OA",2024,5801387.1600842,6481,895.137657781855
"DE_GRUYTER","Gold OA",2025,6195132.4899591,7336,844.483709100204
"DE_GRUYTER","Hybrid OA",2021,3722405.714027,1639,2271.14442588591
"DE_GRUYTER","Hybrid OA",2022,3304558.407744,1648,2005.19320858252
"DE_GRUYTER","Hybrid OA",2023,3896846.852832,1806,2157.72250987375
"DE_GRUYTER","Hybrid OA",2024,4185344.392785,1800,2325.191329325
"DE_GRUYTER","Hybrid OA",2025,3916676.758988,1526,2566.62959304587
"EDP","Gold OA",2019,529122.174212,670,789.734588376119
"EDP","Gold OA",2020,788109.0871266,905,870.838770305635
"EDP","Gold OA",2021,362081.827293,1023,353.94118014956
"EDP","Gold OA",2022,3636448.0481981,3358,1082.92080053547
"EDP","Gold OA",2023,4197845.9189406,3672,1143.20422629101
"EDP","Gold OA",2024,5692778.6862447,4399,1294.10745311314
"EDP","Gold OA",2025,7977797.6500683,5373,1484.79390472144
"EDP","Hybrid OA",2019,1264406.025264,781,1618.95777882714
"EDP","Hybrid OA",2020,2315570.006012,842,2750.08314253207
"EDP","Hybrid OA",2021,2196515.17557,724,3033.86073973757
"EDP","Hybrid OA",2022,313767.573771,212,1480.03572533491
"EDP","Hybrid OA",2023,278996.607422,186,1499.98176033333
"EDP","Hybrid OA",2024,422166.036113,228,1851.60542154825
"EDP","Hybrid OA",2025,420079.85675,210,2000.3802702381
"EDP","unknown",2019,1679.752934,1,1679.752934
"EDP","unknown",2020,1712.784165,1,1712.784165
"ELSEVIER","Gold OA",2019,52727553,27144,1942.51226790451
"ELSEVIER","Gold OA",2020,79015638.5742279,42377,1864.58783241447
"ELSEVIER","Gold OA",2021,140704322.723992,85608,1643.58848149696
"ELSEVIER","Gold OA",2022,186843540.458932,101546,1839.98917199035
"ELSEVIER","Gold OA",2023,256214505.753868,130356,1965.49837179622
"ELSEVIER","Gold OA",2024,331449726.633494,161771,2048.88222631679
"ELSEVIER","Gold OA",2025,449751730.69082,203918,2205.55189189194
"ELSEVIER","Hybrid OA",2019,58177609,20168,2884.64939508132
"ELSEVIER","Hybrid OA",2020,89724195.920522,31713,2829.25601237732
"ELSEVIER","Hybrid OA",2021,138892929.471913,43956,3159.81730530333
"ELSEVIER","Hybrid OA",2022,180745728.445562,54385,3323.44816485358
"ELSEVIER","Hybrid OA",2023,291865470.265649,82793,3525.24332088038
"ELSEVIER","Hybrid OA",2024,421387654.101184,116004,3632.5269309781
"ELSEVIER","Hybrid OA",2025,553373372.066771,140369,3942.2762295576
"ELSEVIER","unknown",2021,5000,33,151.515151515152
"ELSEVIER","unknown",2022,0,1267,0
"ELSEVIER","unknown",2023,0,892,0
"FRONTIERS","Gold OA",2019,71207680,26040,2734.54992319508
"FRONTIERS","Gold OA",2020,104063120,37258,2793.04095764668
"FRONTIERS","Gold OA",2021,184971660,67034,2759.37076707343
"FRONTIERS","Gold OA",2022,270732130,98847,2738.90082652989
"FRONTIERS","Gold OA",2023,211318665,69450,3042.74535637149
"FRONTIERS","Gold OA",2024,177279473.205567,58905,3009.58277235493
"FRONTIERS","Gold OA",2025,236685322.204101,68101,3475.50435682444
"IEEE","Gold OA",2019,28143460,16141,1743.60076822997
"IEEE","Gold OA",2020,32855110,18995,1729.67149249803
"IEEE","Gold OA",2021,23295965,13817,1686.03640442933
"IEEE","Gold OA",2022,22181860,12231,1813.57697653503
"IEEE","Gold OA",2023,25327705,13377,1893.37706511176
"IEEE","Gold OA",2024,34067126,17509,1945.69227254555
"IEEE","Gold OA",2025,37981750,18689,2032.30509925625
"IEEE","Hybrid OA",2019,2692930,1236,2178.74595469256
"IEEE","Hybrid OA",2020,5711270,2849,2004.65777465777
"IEEE","Hybrid OA",2021,6967305,3513,1983.29205807003
"IEEE","Hybrid OA",2022,6828233,2945,2318.58505942275
"IEEE","Hybrid OA",2023,7462875,3170,2354.21924290221
"IEEE","Hybrid OA",2024,7404340,2949,2510.79688029841
"IEEE","Hybrid OA",2025,9089535,3423,2655.42944785276
"IEEE","unknown",2020,0,1,0
"IEEE","unknown",2021,0,1,0
"IOP","Gold OA",2019,3704710,1958,1892.08886618999
"IOP","Gold OA",2021,7138949,3622,1970.99641082275
"IOP","Gold OA",2022,18751068,7874,2381.3903987808
"IOP","Gold OA",2023,20284940,8326,2436.3367763632
"IOP","Gold OA",2024,27144271,10431,2602.26929345221
"IOP","Gold OA",2025,31581006,11265,2803.46258322237
"IOP","Hybrid OA",2019,3691340,1564,2360.19181585678
"IOP","Hybrid OA",2020,25280,16,1580
"IOP","Hybrid OA",2021,7179969,3191,2250.06863052335
"IOP","Hybrid OA",2022,8948875,3512,2548.08513667426
"IOP","Hybrid OA",2023,33819050,12289,2751.97737814305
"IOP","Hybrid OA",2024,28318955,10085,2808.02726822013
"IOP","Hybrid OA",2025,21951615,7150,3070.15594405594
"MDPI","Gold OA",2019,150769499.096227,96364,1564.58323747693
"MDPI","Gold OA",2020,262884829.92463,143134,1836.63441198199
"MDPI","Gold OA",2021,425168315.329346,206662,2057.31249735968
"MDPI","Gold OA",2022,572639237.140741,263767,2171.0040950564
"MDPI","Gold OA",2023,591633785.209515,249877,2367.7000492623
"MDPI","Gold OA",2024,604990141.960476,217974,2775.51516217749
"MDPI","Gold OA",2025,670902594.226527,236323,2838.92212872436
"OUP","Gold OA",2021,24354375.76889,10322,2359.46287239779
"OUP","Gold OA",2022,29037806.4679274,12082,2403.39401323683
"OUP","Gold OA",2023,32420501.4415288,13263,2444.43198684527
"OUP","Gold OA",2024,59667472.3647214,20467,2915.30133213082
"OUP","Gold OA",2025,59715309.555737,21499,2777.58544842723
"OUP","Hybrid OA",2021,26070176,6834,3814.77553409423
"OUP","Hybrid OA",2022,26599154.426624,7092,3750.58579055612
"OUP","Hybrid OA",2023,43885464.189162,12063,3638.02239817309
"OUP","Hybrid OA",2024,47630879.344664,10886,4375.42525672093
"OUP","Hybrid OA",2025,53536704.105919,12657,4229.80991592945
"PLOS","Gold OA",2019,31094210,17802,1746.66947533985
"PLOS","Gold OA",2020,34933860,18905,1847.86352816715
"PLOS","Gold OA",2021,38051983,19565,1944.90074111935
"PLOS","Gold OA",2022,38310490,18859,2031.41683016067
"PLOS","Gold OA",2023,36938980,17952,2057.65262923351
"PLOS","Gold OA",2024,49930953,20218,2469.62869720051
"PLOS","Gold OA",2025,59577110,23241,2563.448646788
"SAGE","Gold OA",2019,17380475.681638,12167,1428.4931110083
"SAGE","Gold OA",2020,19405920.9070738,12783,1518.10380247781
"SAGE","Gold OA",2021,22003785,13178,1669.73630292912
"SAGE","Gold OA",2022,18997115,13702,1386.44832871114
"SAGE","Gold OA",2023,17484524,12435,1406.0735022115
"SAGE","Gold OA",2024,28714683,15526,1849.45787710936
"SAGE","Gold OA",2025,0,50,0
"SAGE","Hybrid OA",2020,16917167.6585626,5701,2967.40355351037
"SAGE","Hybrid OA",2021,22786507.426404,7637,2983.69875951342
"SAGE","Hybrid OA",2022,27409250,8097,3385.11176979128
"SAGE","Hybrid OA",2023,38205250,11365,3361.65860096788
"SAGE","Hybrid OA",2024,44719150,12360,3618.05420711974
"SAGE","Hybrid OA",2025,53030100,13915,3811.00251527129
"SPRINGER_NATURE","Gold OA",2019,162787467.955824,75464,2157.15398012063
"SPRINGER_NATURE","Gold OA",2020,192091706.914502,85233,2253.72457750522
"SPRINGER_NATURE","Gold OA",2021,238342830.617226,99764,2389.06650311963
"SPRINGER_NATURE","Gold OA",2022,251183322.808975,97121,2586.2925918079
"SPRINGER_NATURE","Gold OA",2023,276147622.64264,100096,2758.82775178469
"SPRINGER_NATURE","Gold OA",2024,410966026,137775,2982.87806931591
"SPRINGER_NATURE","Gold OA",2025,574981779.756726,189100,3040.62284376904
"SPRINGER_NATURE","Hybrid OA",2019,62025340,19682,3151.37384412153
"SPRINGER_NATURE","Hybrid OA",2020,98504490,30752,3203.18971123829
"SPRINGER_NATURE","Hybrid OA",2021,140996390,41230,3419.75236478293
"SPRINGER_NATURE","Hybrid OA",2022,170343970,46408,3670.57339251853
"SPRINGER_NATURE","Hybrid OA",2023,204456670,52353,3905.34773556434
"SPRINGER_NATURE","Hybrid OA",2024,260181620,63905,4071.38126907128
"SPRINGER_NATURE","Hybrid OA",2025,284978196,70001,4071.0589277296
"WILEY","Gold OA",2019,35713571,15837,2255.07173075709
"WILEY","Gold OA",2020,56503372,23916,2362.57618330825
"WILEY","Gold OA",2021,79135828,31907,2480.20271413796
"WILEY","Gold OA",2022,90456435,33453,2703.98574118913
"WILEY","Gold OA",2023,144750526,53816,2689.73030325554
"WILEY","Gold OA",2024,159001980,56016,2838.51006855184
"WILEY","Gold OA",2025,212630425,69385,3064.50133314117
"WILEY","Hybrid OA",2019,55984200,16124,3472.10369635326
"WILEY","Hybrid OA",2020,98189888,27811,3530.6133544281
"WILEY","Hybrid OA",2021,112389873,31537,3563.74648825189
"WILEY","Hybrid OA",2022,160804390,42025,3826.39833432481
"WILEY","Hybrid OA",2023,204073480,51770,3941.92543944369
"WILEY","Hybrid OA",2024,244076500,59895,4075.07304449453
"WILEY","Hybrid OA",2025,281045232,66257,4241.74399686071
